‘’Ã,kusatu,ŒQ”n,cozymax,https://www.flickr.com/photos/cozymax/
‰º˜C,gero,Šò•Œ,NISSAN MOTOR CO. LTD.,https://www.flickr.com/photos/nissanev/
“¹Œã,dougo,ˆ¤•Q,zamojojo,https://www.flickr.com/photos/zamojojo/
•Ê•{,beppu,‘å•ª,senngokujidai4434,https://www.flickr.com/photos/131314993@N06/
“o•Ê,oboribetu,–kŠC“¹,rurinoshima,https://www.flickr.com/photos/rurinoshima/
wh,ibusuki,­™“‡,senngokujidai4434,https://www.flickr.com/photos/131314993@N06/
—L”n,arima,•ºŒÉ,Hideyuki KAMON,https://www.flickr.com/photos/hyougushi/
” ª,hakone,_“Şì,‹ç ”T—Ç,https://www.flickr.com/photos/no_ra_inu/
—R•z‰@,yufuin,‘å•ª,Hiro - Kokoro™Photo,https://www.flickr.com/photos/kagen33/
éè,kinosaki,•ºŒÉ,Kentaro Ohno,https://www.flickr.com/photos/inucara/
•ì,kurokawa,ŒF–{,veroyama,https://www.flickr.com/photos/veroyama/
˜a‘q,wakura,Îì,inazakira,https://www.flickr.com/photos/inazakira/
ˆÉ•Û,ikaho,ŒQ”n,Tomo,https://www.flickr.com/photos/azzuriceo/
‹âR,kanayama,RŒ`,ume-y,https://www.flickr.com/photos/ume-y/
‹Ê‘¢,tamatukuri,“‡ª,Tzuhsun Hsu,https://www.flickr.com/photos/alberth2/
”MŠC,atami,Ã‰ª,rurinoshima,https://www.flickr.com/photos/rurinoshima/
\Ÿì,tokatikawa,–kŠC“¹,satoshi sawada,https://www.flickr.com/photos/s_sawada/
‘ ‰¤,zao,RŒ`,663highland,https://ja.wikipedia.org/wiki/user:663highland
Œ‰ª,tukioka,VŠƒ,663highland,https://ja.wikipedia.org/wiki/user:663highland
‚ ‚í‚ç,awara,•Ÿˆä,SONIC BLOOMING?,https://commons.wikimedia.org/w/index.php?title=User:SONIC_BLOOMING&action=edit&redlink=1
Šğ–ì,ureshino,²‰ê,inunami,https://www.flickr.com/photos/94693136@N05/
‹S“{ìEì¡,kinugawa,“È–Ø,Koo Bearhill,https://www.flickr.com/photos/193947909@N06/
”’•l,sirahama,˜a‰ÌR,ƒƒŠ,https://commons.wikimedia.org/wiki/User:%E3%83%AD%E3%83%AA
‰_å,unsen,’·è,Kanesue,https://www.flickr.com/photos/kanesue/
“’‚Ìì,yunokawa,–kŠC“¹,663highland,https://ja.wikipedia.org/wiki/user:663highland
H•Û,akifu,‹{é,ƒŒƒ“ƒeƒ“ƒ[ƒY‚ÌŠ¥,https://commons.wikimedia.org/w/index.php?title=User:Crown_of_Lenten_rose&action=edit&redlink=1
–œÀ,manza,ŒQ”n,SpringField1967,https://commons.wikimedia.org/wiki/File:%E4%B8%87%E5%BA%A7%E6%B8%A9%E6%B3%89%E9%9B%AA%E8%A6%8B%E9%A2%A8%E5%91%82_-_panoramio.jpg
”’œ,sirahone,’·–ì,sojikawase,https://www.flickr.com/photos/29450974@N03/
R’†,yamanaka,Îì,inazakira,https://www.flickr.com/photos/inazakira/
–¶“‡,kirishima,­™“‡,Akihito Fujii,https://www.flickr.com/photos/afujii/
’‹_,hirugami,’·–ì,Opqr,https://commons.wikimedia.org/wiki/User:Opqr
”ò‘Ë‚R,hidatakayama,Šò•Œ,Koichi Hayakawa,https://www.flickr.com/photos/188045646@N04/
ãz–K,kamisuwa,’·–ì,663highland,https://ja.wikipedia.org/wiki/user:663highland
C‘P›,shuzenji,Ã‰ª,Richie Johns,https://www.flickr.com/people/31123101@N03
‘w‰_‹¬,souunkyo,–kŠC“¹,Toshihiro Matsui,https://commons.wikimedia.org/wiki/File:%E5%B1%A4%E9%9B%B2%E5%B3%A1%E6%B8%A9%E6%B3%89_-_panoramio.jpg
O’©,misasa,’¹æ,Tzuhsun Hsu,https://www.flickr.com/photos/alberth2/
R‘ã,yamashiro,Îì,Jun Seita,https://www.flickr.com/photos/jseita/
–Âq,nariko,‹{é,Ryo FUKAsawa,https://www.flickr.com/photos/fukapon/
_ƒP“’,sukayu,ÂX,‚äOƒÖO‚Ñ,http://photozou.jp/user/top/74096
’èRŒk,jozankei,–kŠC“¹,MIKI Yoshihito,https://www.flickr.com/photos/mujitra/
“´–êŒÎ,touyako,–kŠC“¹,Kentaro Ohno,https://www.flickr.com/photos/inucara/
’·—Çì,nagaragawa,Šò•Œ,Monami?,https://commons.wikimedia.org/wiki/User:Monami
l–œ,shiman,ŒQ”n,Kentaro Ohno,https://www.flickr.com/photos/inucara/
‰F“ŞŒ,unatuki,•xR,Jonathan Lin,https://www.flickr.com/photos/jonolist/
’·–å“’–{,nagatoyumoto,RŒû,isado,https://www.flickr.com/photos/isadocafe/
ˆîæ,inatori,Ã‰ª,contri,https://www.flickr.com/photos/contri/
ˆ¢Š¦ŒÎ,akanko,–kŠC“¹,Tzuhsun Hsu,https://www.flickr.com/photos/alberth2/
‰ÍŒûŒÎ,kawagutiko,R—œ,‰^“]‘¾˜Y,https://web.archive.org/web/20161028173731/http:/www.panoramio.com/user/7494058?with_photo_id=104127873
–ì‘ò,nozawa,’·–ì,tsuda,https://www.flickr.com/photos/tsuda/
ŠF¶,kaike,’¹æ,Travel-Picture,https://www.flickr.com/photos/97761689@N02/
“’¼ì,yunishigawa,“È–Ø,Sidelines,https://commons.wikimedia.org/w/index.php?title=User:Sidelines&action=edit&redlink=1
ˆÉ“Œ,ito,Ã‰ª,bryan...,https://www.flickr.com/photos/bryansjs/
ì“’,kawayu,–kŠC“¹,Yusuke Kawasaki,https://www.flickr.com/photos/u-suke/
•½ˆé,hiraiso,–kŠC“¹,TANAKA Juuyoh (“c’†\—m),https://www.flickr.com/photos/tanaka_juuyoh/
•ÊŠ,bessyo,’·–ì,puffyjet,https://www.flickr.com/photos/puffjet/
“’‰ÍŒ´,yugawara,_“Şì,machu.,https://www.flickr.com/photos/machu/
“ß{“’–{,nasuyumoto,“È–Ø,•x‘o]—t‘å”n,https://commons.wikimedia.org/w/index.php?title=User:%E5%AF%8C%E5%8F%8C%E6%B1%9F%E8%91%89%E5%A4%A7%E9%A6%AC&action=edit&redlink=1
Î˜a,isawa,R—œ,yamauchi,https://www.flickr.com/photos/yamauchibukuro/
“’‘º,yumura,•ºŒÉ,663highland,https://ja.wikipedia.org/wiki/user:663highland
ƒEƒgƒ,utoro,–kŠC“¹,663highland,https://ja.wikipedia.org/wiki/user:663highland
”üƒPŒ´,utukushigahara,’·–ì,KBJUN ,https://commons.wikimedia.org/w/index.php?curid=5140434#/media/File:Ushibuseyama_observatory.jpg
F–{,sumoto,•ºŒÉ,663highland,https://ja.wikipedia.org/wiki/user:663highland
‰–Œ´,shiobara,“È–Ø,Ryo FUKAsawa,https://www.flickr.com/photos/fukapon/
‚“’,takayu,•Ÿ“‡,houroumono,https://www.flickr.com/photos/hourou/
‰©‹àè•s˜V‚Ó€,koganezakifurofushi,ÂX,Hitachi-Train,https://commons.wikimedia.org/wiki/User:Hitachi-Train
‚©‚İ‚Ì‚â‚Ü,kaminoyama,RŒ`,Mister0124?,https://commons.wikimedia.org/wiki/User:Mister0124
“ŒR,higashiyama,•Ÿ“‡,M Murakami,https://www.flickr.com/photos/acqua8/
åŒ´,sakakibara,Od,mdxdt,https://www.flickr.com/photos/dxdt22/
“ì‹IŸ‰Y,natikatuura,˜a‰ÌR,663highland,https://ja.wikipedia.org/wiki/user:663highland
‹Êì,tamagawa,H“c,Raita Futo,https://www.flickr.com/photos/raita/
¼R,nishiyama,R—œ,Qurren,https://commons.wikimedia.org/wiki/User:Qurren
“’“c,yuda,RŒû,Tzuhsun Hsu,https://www.flickr.com/photos/alberth2/
“úŒõ“’Œ³,nikkoyumoto,“È–Ø,Raita Futo,https://www.flickr.com/photos/raita/
•ê”¨,bobata,•Ÿ“‡,Suz-b?,https://commons.wikimedia.org/wiki/User:Suz-b
—´_,ryujin,˜a‰ÌR,Snap55,https://commons.wikimedia.org/w/index.php?title=User:Snap55&action=edit&redlink=1
Ô“’,akayu,RŒ`,Koda6029?,https://commons.wikimedia.org/wiki/User:Koda6029
‚ ‚Â‚İ,atumi,RŒ`,Jun K,https://www.flickr.com/photos/zunsan/
‚¨‚²‚Æ,ogoto, ‰ê,PYONKO OMEYAMA,https://www.flickr.com/photos/omeyamapyonta/
‘c’J,sotani,“¿“‡,Tzuhsun Hsu,https://www.flickr.com/photos/alberth2/
Œ´’ß,haraduru,•Ÿ‰ª,toshifukuoka,https://www.flickr.com/photos/99660653@N03/
ñ—§,tuetate,ŒF–{,Travel-Picture,https://www.flickr.com/photos/97761689@N02/
‰ÔŠª,hanamaki,Šâè,‚È‚Í‚ñ•Ù,https://commons.wikimedia.org/w/index.php?title=User:%E3%81%AA%E3%81%AF%E3%82%93%E5%BC%81&action=edit&redlink=1
‘Ü“c,fukuroda,ˆï–Ø,by photoAC,https://www.photo-ac.com/
—’R,arashiyama,‹“s,Hoshino Resorts,https://commons.wikimedia.org/w/index.php?title=User:Kikuchi_dai&action=edit&redlink=1
\’Ãì,totukawa,“Ş—Ç,senngokujidai4434,https://www.flickr.com/photos/131314993@N06/
“’Œ´,yubara,‰ªR,Spiegel,https://www.flickr.com/photos/spiegel/
“’—ˆ,yuki,L“‡,windowmoon,http://picasaweb.google.com/windowmoon
‚±‚ñ‚Ò‚ç,konpira,ì,Tzuhsun Hsu,https://www.flickr.com/photos/alberth2/
‚’mO‰‰€,koutisansuien,‚’m,663highland,https://ja.wikipedia.org/wiki/user:663highland
“‡Œ´,simabara,’·è,663highland,https://ja.wikipedia.org/wiki/user:663highland
‹{èƒŠƒ][ƒg,miyazakirizo-to,‹{è,STA3816,https://commons.wikimedia.org/w/index.php?curid=11963803#/media/File:Miyazaki_Kanko_Hotel.jpg
