草津,kusatu,群馬,cozymax,https://www.flickr.com/photos/cozymax/
下呂,gero,岐阜,NISSAN MOTOR CO. LTD.,https://www.flickr.com/photos/nissanev/
道後,dougo,愛媛,zamojojo,https://www.flickr.com/photos/zamojojo/
別府,beppu,大分,senngokujidai4434,https://www.flickr.com/photos/131314993@N06/
登別,oboribetu,北海道,rurinoshima,https://www.flickr.com/photos/rurinoshima/
指宿,ibusuki,鹿児島,senngokujidai4434,https://www.flickr.com/photos/131314993@N06/
有馬,arima,兵庫,Hideyuki KAMON,https://www.flickr.com/photos/hyougushi/
箱根,hakone,神奈川,狗 乃良,https://www.flickr.com/photos/no_ra_inu/
由布院,yufuin,大分,Hiro - Kokoro☆Photo,https://www.flickr.com/photos/kagen33/
城崎,kinosaki,兵庫,Kentaro Ohno,https://www.flickr.com/photos/inucara/
黒川,kurokawa,熊本,veroyama,https://www.flickr.com/photos/veroyama/
和倉,wakura,石川,inazakira,https://www.flickr.com/photos/inazakira/
伊香保,ikaho,群馬,Tomo,https://www.flickr.com/photos/azzuriceo/
銀山,kanayama,山形,ume-y,https://www.flickr.com/photos/ume-y/
玉造,tamatukuri,島根,Tzuhsun Hsu,https://www.flickr.com/photos/alberth2/
熱海,atami,静岡,rurinoshima,https://www.flickr.com/photos/rurinoshima/
十勝川,tokatikawa,北海道,satoshi sawada,https://www.flickr.com/photos/s_sawada/
蔵王,zao,山形,663highland,https://ja.wikipedia.org/wiki/user:663highland
月岡,tukioka,新潟,663highland,https://ja.wikipedia.org/wiki/user:663highland
あわら,awara,福井,SONIC BLOOMING?,https://commons.wikimedia.org/w/index.php?title=User:SONIC_BLOOMING&action=edit&redlink=1
嬉野,ureshino,佐賀,inunami,https://www.flickr.com/photos/94693136@N05/
鬼怒川・川治,kinugawa,栃木,Koo Bearhill,https://www.flickr.com/photos/193947909@N06/
白浜,sirahama,和歌山,ロリ,https://commons.wikimedia.org/wiki/User:%E3%83%AD%E3%83%AA
雲仙,unsen,長崎,Kanesue,https://www.flickr.com/photos/kanesue/
湯の川,yunokawa,北海道,663highland,https://ja.wikipedia.org/wiki/user:663highland
秋保,akifu,宮城,レンテンローズの冠,https://commons.wikimedia.org/w/index.php?title=User:Crown_of_Lenten_rose&action=edit&redlink=1
万座,manza,群馬,SpringField1967,https://commons.wikimedia.org/wiki/File:%E4%B8%87%E5%BA%A7%E6%B8%A9%E6%B3%89%E9%9B%AA%E8%A6%8B%E9%A2%A8%E5%91%82_-_panoramio.jpg
白骨,sirahone,長野,sojikawase,https://www.flickr.com/photos/29450974@N03/
山中,yamanaka,石川,inazakira,https://www.flickr.com/photos/inazakira/
霧島,kirishima,鹿児島,Akihito Fujii,https://www.flickr.com/photos/afujii/
昼神,hirugami,長野,Opqr,https://commons.wikimedia.org/wiki/User:Opqr
飛騨高山,hidatakayama,岐阜,Koichi Hayakawa,https://www.flickr.com/photos/188045646@N04/
上諏訪,kamisuwa,長野,663highland,https://ja.wikipedia.org/wiki/user:663highland
修善寺,shuzenji,静岡,Richie Johns,https://www.flickr.com/people/31123101@N03
層雲峡,souunkyo,北海道,Toshihiro Matsui,https://commons.wikimedia.org/wiki/File:%E5%B1%A4%E9%9B%B2%E5%B3%A1%E6%B8%A9%E6%B3%89_-_panoramio.jpg
三朝,misasa,鳥取,Tzuhsun Hsu,https://www.flickr.com/photos/alberth2/
山代,yamashiro,石川,Jun Seita,https://www.flickr.com/photos/jseita/
鳴子,nariko,宮城,Ryo FUKAsawa,https://www.flickr.com/photos/fukapon/
酸ケ湯,sukayu,青森,ゆ＾ω＾び,http://photozou.jp/user/top/74096
定山渓,jozankei,北海道,MIKI Yoshihito,https://www.flickr.com/photos/mujitra/
洞爺湖,touyako,北海道,Kentaro Ohno,https://www.flickr.com/photos/inucara/
長良川,nagaragawa,岐阜,Monami?,https://commons.wikimedia.org/wiki/User:Monami
四万,shiman,群馬,Kentaro Ohno,https://www.flickr.com/photos/inucara/
宇奈月,unatuki,富山,Jonathan Lin,https://www.flickr.com/photos/jonolist/
長門湯本,nagatoyumoto,山口,isado,https://www.flickr.com/photos/isadocafe/
稲取,inatori,静岡,contri,https://www.flickr.com/photos/contri/
阿寒湖,akanko,北海道,Tzuhsun Hsu,https://www.flickr.com/photos/alberth2/
河口湖,kawagutiko,山梨,運転太郎,https://web.archive.org/web/20161028173731/http:/www.panoramio.com/user/7494058?with_photo_id=104127873
野沢,nozawa,長野,tsuda,https://www.flickr.com/photos/tsuda/
皆生,kaike,鳥取,Travel-Picture,https://www.flickr.com/photos/97761689@N02/
湯西川,yunishigawa,栃木,Sidelines,https://commons.wikimedia.org/w/index.php?title=User:Sidelines&action=edit&redlink=1
伊東,ito,静岡,bryan...,https://www.flickr.com/photos/bryansjs/
川湯,kawayu,北海道,Yusuke Kawasaki,https://www.flickr.com/photos/u-suke/
平磯,hiraiso,北海道,TANAKA Juuyoh (田中十洋),https://www.flickr.com/photos/tanaka_juuyoh/
別所,bessyo,長野,puffyjet,https://www.flickr.com/photos/puffjet/
湯河原,yugawara,神奈川,machu.,https://www.flickr.com/photos/machu/
那須湯本,nasuyumoto,栃木,富双江葉大馬,https://commons.wikimedia.org/w/index.php?title=User:%E5%AF%8C%E5%8F%8C%E6%B1%9F%E8%91%89%E5%A4%A7%E9%A6%AC&action=edit&redlink=1
石和,isawa,山梨,yamauchi,https://www.flickr.com/photos/yamauchibukuro/
湯村,yumura,兵庫,663highland,https://ja.wikipedia.org/wiki/user:663highland
ウトロ,utoro,北海道,663highland,https://ja.wikipedia.org/wiki/user:663highland
美ケ原,utukushigahara,長野,KBJUN ,https://commons.wikimedia.org/w/index.php?curid=5140434#/media/File:Ushibuseyama_observatory.jpg
洲本,sumoto,兵庫,663highland,https://ja.wikipedia.org/wiki/user:663highland
塩原,shiobara,栃木,Ryo FUKAsawa,https://www.flickr.com/photos/fukapon/
高湯,takayu,福島,houroumono,https://www.flickr.com/photos/hourou/
黄金崎不老ふ死,koganezakifurofushi,青森,Hitachi-Train,https://commons.wikimedia.org/wiki/User:Hitachi-Train
かみのやま,kaminoyama,山形,Mister0124?,https://commons.wikimedia.org/wiki/User:Mister0124
東山,higashiyama,福島,M Murakami,https://www.flickr.com/photos/acqua8/
榊原,sakakibara,三重,mdxdt,https://www.flickr.com/photos/dxdt22/
南紀勝浦,natikatuura,和歌山,663highland,https://ja.wikipedia.org/wiki/user:663highland
玉川,tamagawa,秋田,Raita Futo,https://www.flickr.com/photos/raita/
西山,nishiyama,山梨,Qurren,https://commons.wikimedia.org/wiki/User:Qurren
湯田,yuda,山口,Tzuhsun Hsu,https://www.flickr.com/photos/alberth2/
日光湯元,nikkoyumoto,栃木,Raita Futo,https://www.flickr.com/photos/raita/
母畑,bobata,福島,Suz-b?,https://commons.wikimedia.org/wiki/User:Suz-b
龍神,ryujin,和歌山,Snap55,https://commons.wikimedia.org/w/index.php?title=User:Snap55&action=edit&redlink=1
赤湯,akayu,山形,Koda6029?,https://commons.wikimedia.org/wiki/User:Koda6029
あつみ,atumi,山形,Jun K,https://www.flickr.com/photos/zunsan/
おごと,ogoto,滋賀,PYONKO OMEYAMA,https://www.flickr.com/photos/omeyamapyonta/
祖谷,sotani,徳島,Tzuhsun Hsu,https://www.flickr.com/photos/alberth2/
原鶴,haraduru,福岡,toshifukuoka,https://www.flickr.com/photos/99660653@N03/
杖立,tuetate,熊本,Travel-Picture,https://www.flickr.com/photos/97761689@N02/
花巻,hanamaki,岩手,なはん弁,https://commons.wikimedia.org/w/index.php?title=User:%E3%81%AA%E3%81%AF%E3%82%93%E5%BC%81&action=edit&redlink=1
袋田,fukuroda,茨木,by photoAC,https://www.photo-ac.com/
嵐山,arashiyama,京都,Hoshino Resorts,https://commons.wikimedia.org/w/index.php?title=User:Kikuchi_dai&action=edit&redlink=1
十津川,totukawa,奈良,senngokujidai4434,https://www.flickr.com/photos/131314993@N06/
湯原,yubara,岡山,Spiegel,https://www.flickr.com/photos/spiegel/
湯来,yuki,広島,windowmoon,http://picasaweb.google.com/windowmoon
こんぴら,konpira,香川,Tzuhsun Hsu,https://www.flickr.com/photos/alberth2/
高知三翠園,koutisansuien,高知,663highland,https://ja.wikipedia.org/wiki/user:663highland
島原,simabara,長崎,663highland,https://ja.wikipedia.org/wiki/user:663highland
宮崎リゾート,miyazakirizo-to,宮崎,STA3816,https://commons.wikimedia.org/w/index.php?curid=11963803#/media/File:Miyazaki_Kanko_Hotel.jpg
